date,taux_observe,taux_simule_sir,I_sir,S_sir,R_sir,residus_sir
2020-03-02,929.5479966615,929.5479966614998,2035.246464037226,97964.75353596277,0.0,1.1368683772161603e-13
2020-03-09,2194.712709605,4634.1294172125135,10146.43196924368,87421.04433275985,2432.5236979964366,-2439.4167076075137
2020-03-16,13996.90881342,14674.995309802436,32130.919996931152,55874.24762069052,11994.83238237828,-678.086496382437
2020-03-23,23048.793008725,21044.31947191257,46076.56296082226,22460.033102026962,31463.403937150724,2004.4735368124275
2020-03-30,16793.229818725,17965.1455182278,39334.70786146199,8536.42412958791,52128.868008950034,-1171.9156995027988
2020-04-06,11798.955110710001,12758.455481585166,27934.653722811963,4059.7336070910787,68005.61267009689,-959.5003708751647
2020-04-13,8024.643932540001,8521.563224623398,18657.97299684801,2437.34200953723,78904.6849936147,-496.9192920833975
2020-04-20,6028.31225155,5557.132242017589,12167.347771577422,1741.0206602003723,86091.63156822213,471.1800095324106
2020-04-27,4756.154983275001,3584.5998809438206,7848.485778982196,1399.7903470782871,90751.72387393948,1171.55510233118
2020-05-04,2418.83048262,2299.3400523540104,5034.40782829939,1216.5403255595602,93749.051846141,119.49043026598974
2020-05-11,2026.2948254415,1470.3583269517997,3219.3513369338066,1111.9886613155513,95668.66000175057,555.9364984897004
2020-05-18,1007.4782812775,938.560466341662,2054.979277312787,1049.9461346071243,96895.07458808,68.9178149358379
2020-05-25,417.3908293315,598.4558129843182,1310.3197270429923,1012.1857302940745,97677.49454266284,-181.06498365281817
2020-06-01,967.845089819,381.34146064871186,834.9475897571231,988.8283394438768,98176.22407079891,586.5036291702881
2020-06-08,324.8867186805,242.89409505939665,531.8169151895648,974.2297395888614,98493.9533452215,81.99262362110335
2020-06-15,240.292459414,154.67055320530872,338.65136349319647,965.0449580870685,98696.30367841966,85.62190620869129
2020-06-22,277.671691619,98.47535385660933,215.61190648713043,959.2419057254598,98825.14618778732,179.19633776239067
2020-06-29,188.9671391005,62.690637683256554,137.26122710320865,955.5656130069588,98907.17315988975,126.27650141724344
2020-07-06,286.74753751960003,39.90703261471573,87.3764962229222,953.2326586390045,98959.390845138,246.8405049048843
2020-07-13,361.6866848102,25.402599381846606,55.6190220999256,951.7505664185151,98992.63041148147,336.2840854283534
2020-07-20,176.2729160395,16.16945667925849,35.40304497460811,950.8083617864288,99013.7885932389,160.1034593602415
2020-07-27,354.061909607,10.292133508557884,22.534638777043654,950.2091134001229,99027.25624782278,343.76977609844215
2020-08-03,322.9522624275,6.551047704763561,14.343526880532353,949.8278803916887,99035.82859272773,316.4012147227364
2020-08-10,369.9194447625,4.169780219999867,9.129738839787434,949.5853021926939,99041.28495896747,365.7496645425001
2020-08-17,274.80864625099997,2.654078060048375,5.811107125605797,949.4309323494317,99044.7579605249,272.1545681909516
2020-08-24,286.41178879849997,1.6893242843722804,3.6987775657946336,949.3326886701516,99046.96853376401,284.7224645141277
2020-08-31,470.40337773299996,1.0752553167978296,2.354272817874655,949.2701617844091,99048.37556539767,469.3281224162021
2020-09-07,1728.9730964785,0.6843995079472593,1.498493551211124,949.2303655735052,99049.27114087527,1728.2886969705528
2020-09-14,821.3782707889999,0.43561965909177497,0.9537897709595029,949.205036181711,99049.84117404734,820.9426511299081
2020-09-21,577.169786592,0.27727138840810567,0.6070860405950484,949.1889144027181,99050.20399955667,576.892515203592
2020-09-28,700.6317042725,0.176482854145925,0.3864094228094936,949.1786530538875,99050.43493752329,700.4552214183541
2020-10-05,926.372257007,0.11233107135560139,0.24594901672544275,949.1721217779608,99050.5819292053,926.2599259356444
2020-10-12,1677.1182663935,0.07149854973379571,0.1565461612010642,949.1679646543001,99050.67548918448,1677.0467678437662
2020-10-19,3208.57974651,0.04550871075929792,0.09964137730209383,949.1653186612278,99050.73503996145,3208.5342377992406
2020-10-26,5979.809073742001,0.028966219106543872,0.06342157180140656,949.1636344948171,99050.77294393338,5979.7801075228945
2020-11-02,6714.429190332,0.018436949985294257,0.0403677243132888,949.1625625272555,99050.79706974844,6714.410753382014
2020-11-09,7054.33513484,0.011735087586717334,0.025693988478069966,949.1618802223338,99050.81242578922,7054.323399752413
2020-11-16,4170.625918215001,0.007469363376510227,0.01635418015557026,949.1614459366592,99050.82219988323,4170.618448851624
2020-11-23,3072.30853643,0.00475423708804198,0.0104094078599318,949.1611695146657,99050.82842107755,3072.303782192912
2020-11-30,2866.84191559,0.003026063866253659,0.006625570498632717,949.1609935725852,99050.83238085697,2866.8388895261337
2020-12-07,2863.72474924,0.0019260845429324102,0.004217164438543194,949.1608815857674,99050.83490124985,2863.7228231554573
2020-12-14,3161.4115842495003,0.001225949599960169,0.0026842181332949436,949.1608103063579,99050.83650547556,3161.4103582999005
2020-12-21,3592.0918476965003,0.0007803148707754467,0.0017085003542423,949.1607649371352,99050.83752656254,3592.0910673816297
2020-12-28,3574.2306352615,0.0004966691137401894,0.001087457625821045,949.1607360597023,99050.83817648272,3574.2301385923865
2021-01-04,3581.7916459579997,0.00031612905881934686,0.0006921649570030647,949.1607176792645,99050.8385901558,3581.791329828941
2021-01-11,3221.6876703549997,0.00020121561551465916,0.0004405618337687777,949.1607059801469,99050.83885345807,3221.687469139384
2021-01-18,2761.7971949985,0.00012807340319148544,0.0002804168713383886,949.1606985336784,99050.83902104948,2761.7970669250967
2021-01-25,3388.3970123665,8.151850753147353e-05,0.00017848487092962946,949.1606937940137,99050.83912772116,3388.3969308479923
2021-02-01,2775.9432113049997,5.188641156438803e-05,0.00011360536093593066,949.1606907772268,99050.83919561745,2775.943159418588
2021-02-08,2101.83249449,3.302558262500258e-05,7.230955313949489e-05,949.160688857042,99050.83923883343,2101.8324614644175
2021-02-15,1895.824781396,2.1020704323611842e-05,4.6024857565028394e-05,949.1606876348482,99050.83926634034,1895.8247603752957
2021-02-22,1626.9832770835,1.3379632579685724e-05,2.929472173112423e-05,949.1606868569254,99050.83928384839,1626.9832637038676
2021-03-01,2167.8301671990002,8.516107634730853e-06,1.864602797617354e-05,949.1606863617793,99050.83929499223,2167.8301586828925
2021-03-08,2109.8313473549997,5.420483882962416e-06,1.1868156023994316e-05,949.1606860466198,99050.83930208524,2109.831341934516
2021-03-15,2209.936390096,3.4501278546045806e-06,7.554059114515377e-06,949.1606858460216,99050.83930659994,2209.9363866458725
2021-03-22,2591.606327485,2.19604659648741e-06,4.808246681628402e-06,949.1606857183459,99050.83930947342,2591.606325288953
2021-03-29,3041.935541515,1.3977851751870146e-06,3.0604523332849363e-06,949.1606856370764,99050.83931130246,3041.9355401172147
2021-04-05,3639.1834671700003,8.896919186531857e-07,1.9479815329867076e-06,949.1606855853483,99050.83931246668,3639.1834662803085
2021-04-12,3035.3277111705,5.663015492817126e-07,1.239917927738938e-06,949.1606855524245,99050.83931320765,3035.3277106041987
2021-04-19,3112.87931308,3.604381138828954e-07,7.891796867069654e-07,949.1606855314661,99050.83931367937,3112.8793127195618
2021-04-26,3051.58170934,2.2941558117535007e-07,5.023056927228331e-07,949.1606855181268,99050.83931397958,3051.5817091105846
2021-05-03,2226.5928874075003,1.4601310534994262e-07,3.196958709328301e-07,949.1606855096356,99050.83931417069,2226.5928872614872
2021-05-10,1208.6972059115,9.294234091622489e-08,2.0349736795567855e-07,949.1606855042327,99050.83931429227,1208.6972058185577
2021-05-17,993.274041217,5.9135424757283e-08,1.2947708409771084e-07,949.1606855007908,99050.83931436973,993.2740411578645
2021-05-24,1016.8578833035001,3.7612109808683926e-08,8.235175996079296e-08,949.1606854985996,99050.83931441905,1016.857883265888
2021-05-31,666.4984412615,2.3959487517610604e-08,5.245932692609366e-08,949.16068549721,99050.83931445035,666.4984412375405
2021-06-07,343.559328383,1.5264055613737552e-08,3.3420668245536354e-08,949.1606854963246,99050.83931447026,343.55932836773593
2021-06-14,383.749685439,9.72479654283928e-09,2.1292453803762625e-08,949.1606854957607,99050.83931448295,383.74968542927525
2021-06-21,152.441287625,6.2136569976188375e-09,1.3604809518780701e-08,949.1606854954033,99050.839314491,152.44128761878633
2021-06-28,79.8097473735,3.9720041028411326e-09,8.696707791832944e-09,949.1606854951751,99050.83931449612,79.809747369528
2021-07-05,137.17670613025,2.5126766124012127e-09,5.501508484796255e-09,949.1606854950264,99050.83931449948,137.17670612773733
2021-07-12,241.4295410915,1.5774867431462117e-09,3.453909133885289e-09,949.1606854949313,99050.83931450163,241.4295410899225
2021-07-19,426.87733557700005,9.879372432576504e-10,2.163089790147785e-09,949.1606854948714,99050.83931450297,426.8773355760121
2021-07-26,960.5514366740001,6.23848879850245e-10,1.365917877687771e-09,949.1606854948344,99050.8393145038,960.5514366733763
2021-08-02,1008.442230884,4.019924943751631e-10,8.801630531021307e-10,949.1606854948119,99050.83931450432,1008.442230883598
2021-08-09,1357.575167664,2.6286070892239844e-10,5.755338404149648e-10,949.1606854947977,99050.83931450463,1357.5751676637371
2021-08-16,802.2984550615,1.7193020243065868e-10,3.764413863673013e-10,949.1606854947885,99050.83931450486,802.2984550613281
2021-08-23,1074.4183171745,1.114259747090475e-10,2.439673065220679e-10,949.1606854947822,99050.83931450499,1074.4183171743887
2021-08-30,447.4634581915,7.180831228790602e-11,1.5722438668829927e-10,949.1606854947782,99050.83931450506,447.46345819142823
2021-09-06,603.235533905,4.6202056205488115e-11,1.0115945799591815e-10,949.1606854947756,99050.83931450514,603.2355339049539
2021-09-13,628.487411834,2.9843268742411244e-11,6.53418730409285e-11,949.1606854947739,99050.83931450517,628.4874118339701
2021-09-20,284.1709067775,1.936429477500454e-11,4.239814685303905e-11,949.1606854947729,99050.8393145052,284.17090677748064
2021-09-27,371.720971048,9.966329821861558e-12,2.182129121059146e-11,949.1606854947718,99050.83931450521,371.7209710479901
2021-10-04,204.2252176955,4.853441370725168e-14,1.0626615756967195e-13,949.1606854947706,99050.83931450524,204.22521769549994
2021-10-11,445.34794162099996,-7.6020382136401e-12,-1.6644671872087423e-11,949.16068549477,99050.83931450524,445.3479416210076
2021-10-18,408.07364466549996,-1.2985388060180492e-11,-2.843152287837981e-11,949.1606854947694,99050.83931450524,408.0736446655129
2021-10-25,468.73857872950003,-1.610151512591392e-11,-3.5254286861307493e-11,949.160685494769,99050.83931450527,468.7385787295161
2021-11-01,666.7107800795,-1.6950419410840393e-11,-3.7112963820870465e-11,949.160685494769,99050.83931450527,666.7107800795169
2021-11-08,475.713188498,-1.5532100914959902e-11,-3.400755375706873e-11,949.160685494769,99050.83931450524,475.71318849801554
2021-11-15,618.999306641,-1.1846559638272456e-11,-2.5938056669902293e-11,949.1606854947696,99050.83931450524,618.9993066410118
2021-11-22,1657.0609466385001,-1.2294919918086316e-11,-2.691974204535709e-11,949.1606854947694,99050.83931450524,1657.0609466385124
2021-11-29,2227.4276958299997,-1.2948503670772047e-11,-2.835076446311635e-11,949.1606854947694,99050.83931450524,2227.4276958300125
2021-12-06,2578.4097722125,-1.3050120784350872e-11,-2.8573255256318808e-11,949.1606854947693,99050.83931450524,2578.409772212513
2021-12-13,2391.7845002565,-1.259977125882279e-11,-2.7587214424964466e-11,949.1606854947694,99050.83931450524,2391.7845002565127
2021-12-20,2514.136761616,-1.1597455094187801e-11,-2.5392641969053314e-11,949.1606854947694,99050.83931450524,2514.136761616012
2021-12-27,3256.9212866315,-1.0043172290445905e-11,-2.1989537888585364e-11,949.1606854947696,99050.83931450524,3256.92128663151
2022-01-03,4476.5375084925,-7.936922847597101e-12,-1.737790218356061e-11,949.16068549477,99050.83931450524,4476.537508492508
2022-01-10,5347.038891024999,-5.775333179831987e-12,-1.264509898908457e-11,949.1606854947701,99050.83931450524,5347.038891025005
2022-01-17,6036.901738795,-5.167284393771116e-12,-1.131377543587684e-11,949.1606854947701,99050.83931450524,6036.901738795005
2022-01-24,5483.602992075,-4.5592356077102456e-12,-9.982451882669111e-12,949.1606854947703,99050.83931450524,5483.602992075004
2022-01-31,5134.993011504999,-3.951186821649375e-12,-8.651128329461381e-12,949.1606854947703,99050.83931450524,5134.993011505003
2022-02-07,3514.4533669949997,-3.3431380355885043e-12,-7.319804776253652e-12,949.1606854947704,99050.83931450524,3514.453366995003
2022-02-14,2870.256135624,-2.735089249527634e-12,-5.988481223045924e-12,949.1606854947704,99050.83931450524,2870.2561356240026
2022-02-21,1825.158287902,-2.1270404634667638e-12,-4.657157669838195e-12,949.1606854947704,99050.83931450524,1825.158287902002
2022-02-28,1320.5468703545,-1.518991677405893e-12,-3.3258341166304655e-12,949.1606854947704,99050.83931450524,1320.5468703545016
2022-03-07,1185.7836562594998,-1.3335783908367956e-12,-2.9198715012189082e-12,949.1606854947704,99050.83931450524,1185.7836562595012
2022-03-14,1570.1411849255,-1.3163331032243705e-12,-2.8821129231136883e-12,949.1606854947704,99050.83931450524,1570.1411849255014
2022-03-21,2314.837840744,-1.2990878156119454e-12,-2.8443543450084697e-12,949.1606854947704,99050.83931450524,2314.8378407440014
2022-03-28,3247.5635636215,-1.28184252799952e-12,-2.8065957669032498e-12,949.1606854947704,99050.83931450524,3247.5635636215015
2022-04-04,3193.133507555,-1.264597240387095e-12,-2.7688371887980307e-12,949.1606854947704,99050.83931450524,3193.1335075550014
2022-04-11,2737.0583793145,-1.2473519527746696e-12,-2.731078610692811e-12,949.1606854947704,99050.83931450524,2737.0583793145015
2022-04-18,2405.5043388860004,-1.2301066651622444e-12,-2.6933200325875917e-12,949.1606854947704,99050.83931450524,2405.5043388860017
2022-04-25,1933.1129179119998,-1.2128613775498191e-12,-2.6555614544823723e-12,949.1606854947704,99050.83931450524,1933.112917912001
2022-05-02,1425.426523884,-1.1956160899373938e-12,-2.617802876377153e-12,949.1606854947704,99050.83931450524,1425.4265238840012
2022-05-09,841.0578988635,-1.1783708023249684e-12,-2.5800442982719337e-12,949.1606854947704,99050.83931450524,841.0578988635011
2022-05-16,778.1471203205,-1.1611255147125435e-12,-2.5422857201667142e-12,949.1606854947704,99050.83931450524,778.1471203205011
2022-05-23,358.41617301,-1.1438802271001178e-12,-2.5045271420614943e-12,949.1606854947704,99050.83931450524,358.41617301000116
2022-05-30,647.5797356424999,-1.1266349394876926e-12,-2.4667685639562753e-12,949.1606854947704,99050.83931450524,647.5797356425011
2022-06-06,616.739610515,-1.1093896518752675e-12,-2.4290099858510558e-12,949.1606854947704,99050.83931450524,616.7396105150011
2022-06-13,1339.1075079465,-1.0921443642628422e-12,-2.3912514077458363e-12,949.1606854947704,99050.83931450524,1339.107507946501
2022-06-20,1597.3026580935,-1.0748990766504168e-12,-2.353492829640617e-12,949.1606854947704,99050.83931450524,1597.3026580935011
2022-06-27,2804.764615389,-1.0576537890379917e-12,-2.3157342515353974e-12,949.1606854947704,99050.83931450524,2804.764615389001
2022-07-04,3130.3145683390003,-1.0404085014255666e-12,-2.277975673430178e-12,949.1606854947704,99050.83931450524,3130.314568339001
2022-07-11,3402.4018187955,-1.0231632138131412e-12,-2.240217095324959e-12,949.1606854947704,99050.83931450524,3402.4018187955007
2022-07-18,3182.4327254249997,-1.005917926200716e-12,-2.2024585172197393e-12,949.1606854947704,99050.83931450524,3182.4327254250006
2022-07-25,1684.161935628,-9.886726385882906e-13,-2.1646999391145195e-12,949.1606854947704,99050.83931450524,1684.161935628001
2022-08-01,1741.0550970845002,-9.714273509758654e-13,-2.1269413610093004e-12,949.1606854947704,99050.83931450524,1741.055097084501
2022-08-08,1303.4185320565,-9.541820633634401e-13,-2.089182782904081e-12,949.1606854947704,99050.83931450524,1303.418532056501
2022-08-15,1154.5153377515,-9.36936775751015e-13,-2.0514242047988614e-12,949.1606854947704,99050.83931450524,1154.515337751501
2022-08-22,1142.167011003,-9.196914881385896e-13,-2.0136656266936423e-12,949.1606854947704,99050.83931450524,1142.1670110030009
2022-08-29,929.6523987295001,-9.024462005261642e-13,-1.9759070485884225e-12,949.1606854947704,99050.83931450524,929.652398729501
2022-09-05,1102.283522066,-8.852009129137389e-13,-1.938148470483203e-12,949.1606854947704,99050.83931450524,1102.2835220660008
2022-09-12,1354.8788739305,-8.679556253013135e-13,-1.9003898923779835e-12,949.1606854947704,99050.83931450524,1354.878873930501
2022-09-19,1256.30356939,-8.507103376888884e-13,-1.862631314272764e-12,949.1606854947704,99050.83931450524,1256.3035693900008
2022-09-26,1889.423745697,-8.334650500764633e-13,-1.824872736167545e-12,949.1606854947704,99050.83931450524,1889.4237456970009
2022-10-03,1599.0221940315,-8.162197624640379e-13,-1.7871141580623253e-12,949.1606854947704,99050.83931450524,1599.022194031501
2022-10-10,2148.9747072375003,-7.989744748516126e-13,-1.749355579957106e-12,949.1606854947704,99050.83931450524,2148.974707237501
2022-10-17,1981.326031877,-7.817291872391876e-13,-1.7115970018518867e-12,949.1606854947706,99050.83931450524,1981.3260318770008
2022-10-24,1627.7140466575,-7.64483899626762e-13,-1.673838423746667e-12,949.1606854947706,99050.83931450524,1627.7140466575006
2022-10-31,1291.2510240145,-7.472386120143367e-13,-1.6360798456414476e-12,949.1606854947706,99050.83931450524,1291.2510240145007
2022-11-07,1047.606668078,-7.299933244019116e-13,-1.5983212675362283e-12,949.1606854947706,99050.83931450524,1047.6066680780007
2022-11-14,884.3488724115001,-7.127480367894864e-13,-1.560562689431009e-12,949.1606854947706,99050.83931450524,884.3488724115008
2022-11-21,1432.7025416475,-6.955027491770611e-13,-1.5228041113257893e-12,949.1606854947706,99050.83931450524,1432.7025416475008
2022-11-28,1681.9847048155,-6.78257461564636e-13,-1.48504553322057e-12,949.1606854947706,99050.83931450524,1681.9847048155007
2022-12-05,2029.9097490274999,-6.610121739522106e-13,-1.4472869551153508e-12,949.1606854947706,99050.83931450524,2029.9097490275005
2022-12-12,1761.16125109,-6.437668863397854e-13,-1.4095283770101311e-12,949.1606854947706,99050.83931450524,1761.1612510900006
2022-12-19,1812.6617123705,-6.265215987273601e-13,-1.3717697989049118e-12,949.1606854947706,99050.83931450524,1812.6617123705007
2022-12-26,1126.78191601,-6.09276311114935e-13,-1.3340112207996926e-12,949.1606854947706,99050.83931450524,1126.7819160100007
2023-01-02,893.7359631775,-5.920310235025097e-13,-1.2962526426944733e-12,949.1606854947706,99050.83931450524,893.7359631775006
2023-01-09,516.8932667045,-5.747857358900845e-13,-1.2584940645892538e-12,949.1606854947706,99050.83931450524,516.8932667045005
2023-01-16,307.87725970450003,-5.575404482776591e-13,-1.2207354864840341e-12,949.1606854947706,99050.83931450524,307.8772597045006
2023-01-23,366.43166508800005,-5.402951606652338e-13,-1.1829769083788148e-12,949.1606854947706,99050.83931450524,366.4316650880006
2023-01-30,144.25206312865,-5.230498730528086e-13,-1.1452183302735954e-12,949.1606854947706,99050.83931450524,144.25206312865052
2023-02-06,80.40531991625,-5.058045854403833e-13,-1.107459752168376e-12,949.1606854947706,99050.83931450524,80.4053199162505
2023-02-13,202.071796752,-4.885592978279581e-13,-1.0697011740631566e-12,949.1606854947706,99050.83931450524,202.0717967520005
2023-02-20,231.62995507160002,-4.713140102155329e-13,-1.0319425959579371e-12,949.1606854947706,99050.83931450524,231.6299550716005
2023-02-27,269.4433313875,-4.5406872260310753e-13,-9.941840178527177e-13,949.1606854947706,99050.83931450524,269.44333138750045
2023-03-06,294.45181357,-4.368234349906822e-13,-9.564254397474982e-13,949.1606854947706,99050.83931450524,294.45181357000047
2023-03-13,277.8728798058,-4.19578147378257e-13,-9.186668616422787e-13,949.1606854947706,99050.83931450524,277.8728798058004
2023-03-20,739.4629767855,-4.023328597658317e-13,-8.809082835370594e-13,949.1606854947706,99050.83931450524,739.4629767855005
2023-03-27,892.1460974925,-3.8508757215340645e-13,-8.431497054318398e-13,949.1606854947706,99050.83931450524,892.1460974925003
2023-04-03,748.8354364545,-3.6784228454098116e-13,-8.053911273266206e-13,949.1606854947706,99050.83931450524,748.8354364545004
2023-04-10,965.6325843695,-3.5059699692855593e-13,-7.676325492214011e-13,949.1606854947706,99050.83931450524,965.6325843695004
2023-04-17,1010.6070598085,-3.3335170931613075e-13,-7.298739711161817e-13,949.1606854947706,99050.83931450524,1010.6070598085004
2023-04-24,1005.0312254055,-3.1610642170370546e-13,-6.921153930109623e-13,949.1606854947706,99050.83931450524,1005.0312254055003
2023-05-01,639.132517376,-2.9886113409128023e-13,-6.54356814905743e-13,949.1606854947706,99050.83931450524,639.1325173760004
2023-05-08,636.8652725055,-2.816158464788549e-13,-6.165982368005235e-13,949.1606854947706,99050.83931450524,636.8652725055002
2023-05-15,368.4324443425,-2.6437055886642966e-13,-5.788396586953041e-13,949.1606854947706,99050.83931450524,368.4324443425003
2023-05-22,278.6607310145,-2.471252712540044e-13,-5.410810805900846e-13,949.1606854947706,99050.83931450524,278.66073101450024
2023-05-29,129.2383378724,-2.2987998364157915e-13,-5.033225024848653e-13,949.1606854947706,99050.83931450524,129.23833787240022
2023-06-05,194.7145628544,-2.1263469602915384e-13,-4.655639243796458e-13,949.1606854947706,99050.83931450524,194.71456285440019
2023-06-12,51.404871825049995,-1.953894084167286e-13,-4.2780534627442635e-13,949.1606854947706,99050.83931450524,51.404871825050186
2023-06-19,35.18501004625,-1.7814412080430337e-13,-3.900467681692069e-13,949.1606854947706,99050.83931450524,35.18501004625018
2023-06-26,73.68070242399999,-1.6089883319187809e-13,-3.5228819006398754e-13,949.1606854947706,99050.83931450524,73.68070242400015
2023-07-03,133.18950510705002,-1.4365354557945283e-13,-3.145296119587681e-13,949.1606854947706,99050.83931450524,133.18950510705017
2023-07-10,109.54270124140001,-1.2640825796702757e-13,-2.767710338535487e-13,949.1606854947706,99050.83931450524,109.54270124140014
2023-07-17,120.88709471370001,-1.0916297035460231e-13,-2.3901245574832926e-13,949.1606854947706,99050.83931450524,120.88709471370012
2023-07-24,44.20791352,-9.191768274217704e-14,-2.0125387764310983e-13,949.1606854947706,99050.83931450524,44.20791352000009
2023-07-31,81.48951692425001,-7.467239512975177e-14,-1.634952995378904e-13,949.1606854947706,99050.83931450524,81.48951692425008
2023-08-07,285.1407602851,-5.742710751732652e-14,-1.2573672143267098e-13,949.1606854947706,99050.83931450524,285.14076028510004
2023-08-14,413.489947638,-4.0181819904901265e-14,-8.797814332745157e-14,949.1606854947706,99050.83931450524,413.48994763800005
2023-08-21,654.0248856685,-3.774064454529788e-14,-8.263318692221838e-14,949.1606854947706,99050.83931450524,654.0248856685
2023-08-28,1058.5138822915,-3.7251534532916405e-14,-8.156227995797356e-14,949.1606854947706,99050.83931450524,1058.5138822915
2023-09-04,1248.7202372494999,-3.676242452053492e-14,-8.049137299372874e-14,949.1606854947706,99050.83931450524,1248.7202372494999
2023-09-11,1165.099846088,-3.627331450815344e-14,-7.942046602948392e-14,949.1606854947706,99050.83931450524,1165.099846088
2023-09-18,1526.5442723765,-3.578420449577195e-14,-7.83495590652391e-14,949.1606854947706,99050.83931450524,1526.5442723765
2023-09-25,1149.7450815875,-3.5295094483390466e-14,-7.727865210099428e-14,949.1606854947706,99050.83931450524,1149.7450815875
2023-10-02,1214.025471739,-3.480598447100898e-14,-7.620774513674947e-14,949.1606854947706,99050.83931450524,1214.025471739
2023-10-09,1740.6513710225001,-3.43168744586275e-14,-7.513683817250464e-14,949.1606854947706,99050.83931450524,1740.6513710225001
2023-10-16,1594.3738966295,-3.3827764446246016e-14,-7.406593120825982e-14,949.1606854947706,99050.83931450524,1594.3738966295
2023-10-23,1918.7764956610001,-3.3338654433864526e-14,-7.2995024244015e-14,949.1606854947706,99050.83931450524,1918.7764956610001
2023-10-30,1912.3336160205,-3.284954442148304e-14,-7.192411727977018e-14,949.1606854947706,99050.83931450524,1912.3336160205
2023-11-06,1219.997968808,-3.236043440910156e-14,-7.085321031552538e-14,949.1606854947706,99050.83931450524,1219.997968808
2023-11-13,1146.469038856,-3.1871324396720076e-14,-6.978230335128055e-14,949.1606854947706,99050.83931450524,1146.469038856
2023-11-20,2101.2297746534996,-3.13822143843386e-14,-6.871139638703574e-14,949.1606854947706,99050.83931450524,2101.2297746534996
2023-11-27,2291.0270998785,-3.089310437195711e-14,-6.764048942279092e-14,949.1606854947706,99050.83931450524,2291.0270998785
2023-12-04,2647.7575966215,-3.0403994359575626e-14,-6.65695824585461e-14,949.1606854947706,99050.83931450524,2647.7575966215
2023-12-11,2461.712056709,-2.991488434719414e-14,-6.549867549430127e-14,949.1606854947706,99050.83931450524,2461.712056709
2023-12-18,1733.020929151,-2.9425774334812654e-14,-6.442776853005645e-14,949.1606854947706,99050.83931450524,1733.020929151
2023-12-25,1490.091677357,-2.893666432243117e-14,-6.335686156581164e-14,949.1606854947706,99050.83931450524,1490.091677357
2024-01-01,1023.3000619709999,-2.844755431004969e-14,-6.228595460156682e-14,949.1606854947706,99050.83931450524,1023.3000619709999
2024-01-08,744.6834080295,-2.7958444297668204e-14,-6.1215047637322e-14,949.1606854947706,99050.83931450524,744.6834080295
2024-01-15,380.7382735595,-2.746933428528672e-14,-6.014414067307719e-14,949.1606854947706,99050.83931450524,380.7382735595
2024-01-22,252.28812599654998,-2.6980224272905228e-14,-5.907323370883235e-14,949.1606854947706,99050.83931450524,252.28812599655
2024-01-29,224.1566973195,-2.6491114260523748e-14,-5.800232674458755e-14,949.1606854947706,99050.83931450524,224.15669731950004
2024-02-05,138.741594748,-2.600200424814226e-14,-5.693141978034272e-14,949.1606854947706,99050.83931450524,138.74159474800004
2024-02-12,239.38522349199997,-2.5512894235760784e-14,-5.586051281609791e-14,949.1606854947706,99050.83931450524,239.385223492
2024-02-19,85.78696021995,-2.50237842233793e-14,-5.4789605851853097e-14,949.1606854947706,99050.83931450524,85.78696021995003
2024-02-26,70.29398142485,-2.4534674210997814e-14,-5.371869888760828e-14,949.1606854947706,99050.83931450524,70.29398142485003
2024-03-04,22.182871366,-2.404556419861633e-14,-5.264779192336346e-14,949.1606854947706,99050.83931450524,22.182871366000025
2024-03-11,146.72379157195002,-2.3556454186234845e-14,-5.157688495911864e-14,949.1606854947706,99050.83931450524,146.72379157195004
2024-03-18,39.1700092026,-2.3067344173853358e-14,-5.0505977994873814e-14,949.1606854947706,99050.83931450524,39.17000920260002
2024-03-25,26.707414059349997,-2.2578234161471875e-14,-4.943507103062901e-14,949.1606854947706,99050.83931450524,26.707414059350018
2024-04-01,0.0,-2.2089124149090395e-14,-4.8364164066384175e-14,949.1606854947706,99050.83931450524,2.2089124149090395e-14
2024-04-08,0.0,-2.1600014136708908e-14,-4.729325710213936e-14,949.1606854947706,99050.83931450524,2.1600014136708908e-14
2024-04-15,37.62247045035,-2.1110904124327422e-14,-4.6222350137894543e-14,949.1606854947706,99050.83931450524,37.62247045035002
2024-04-22,0.0,-2.0621794111945942e-14,-4.5151443173649724e-14,949.1606854947706,99050.83931450524,2.0621794111945942e-14
2024-04-29,52.58443934419999,-2.0132684099564452e-14,-4.4080536209404905e-14,949.1606854947706,99050.83931450524,52.584439344200014
2024-05-06,129.632696865,-1.9643574087182972e-14,-4.3009629245160086e-14,949.1606854947706,99050.83931450524,129.63269686500004
2024-05-13,123.82249789699999,-1.9154464074801486e-14,-4.1938722280915267e-14,949.1606854947706,99050.83931450524,123.822497897
2024-05-20,126.87422714444999,-1.866535406242e-14,-4.086781531667045e-14,949.1606854947706,99050.83931450524,126.87422714445
2024-05-27,146.10511403815002,-1.817624405003852e-14,-3.979690835242563e-14,949.1606854947706,99050.83931450524,146.10511403815005
2024-06-03,145.7512323974,-1.7687134037657033e-14,-3.872600138818081e-14,949.1606854947706,99050.83931450524,145.75123239740003
2024-06-10,152.3501820657,-1.719802402527555e-14,-3.765509442393599e-14,949.1606854947706,99050.83931450524,152.35018206570004
2024-06-17,387.7420029405,-1.6708914012894066e-14,-3.658418745969118e-14,949.1606854947706,99050.83931450524,387.7420029405
2024-06-24,592.9611132944999,-1.6219804000512583e-14,-3.551328049544636e-14,949.1606854947706,99050.83931450524,592.9611132944999
2024-07-01,384.274137809,-1.57306939881311e-14,-3.444237353120154e-14,949.1606854947706,99050.83931450524,384.274137809
2024-07-08,514.1596306494,-1.524158397574961e-14,-3.337146656695672e-14,949.1606854947706,99050.83931450524,514.1596306494
2024-07-15,533.7939668875,-1.4752473963368123e-14,-3.23005596027119e-14,949.1606854947706,99050.83931450524,533.7939668875
2024-07-22,554.6704845950001,-1.4263363950986643e-14,-3.1229652638467075e-14,949.1606854947706,99050.83931450524,554.6704845950001
2024-07-29,568.2355028875,-1.377425393860516e-14,-3.015874567422227e-14,949.1606854947706,99050.83931450524,568.2355028875
2024-08-05,813.064084857,-1.3285143926223675e-14,-2.908783870997745e-14,949.1606854947706,99050.83931450524,813.064084857
2024-08-12,541.517427729,-1.2796033913842192e-14,-2.8016931745732627e-14,949.1606854947706,99050.83931450524,541.517427729
2024-08-19,699.3133446475,-1.2306923901460707e-14,-2.6946024781487805e-14,949.1606854947706,99050.83931450524,699.3133446475
2024-08-26,705.3619143495,-1.1817813889079222e-14,-2.587511781724299e-14,949.1606854947706,99050.83931450524,705.3619143495
2024-09-02,772.667043268,-1.1328703876697737e-14,-2.480421085299817e-14,949.1606854947706,99050.83931450524,772.667043268
2024-09-09,859.2080872070001,-1.0839593864316254e-14,-2.3733303888753354e-14,949.1606854947706,99050.83931450524,859.2080872070001
2024-09-16,1576.079599755,-1.0350483851934769e-14,-2.2662396924508535e-14,949.1606854947706,99050.83931450524,1576.079599755
2024-09-23,2158.869929334,-9.861373839553284e-15,-2.1591489960263712e-14,949.1606854947706,99050.83931450524,2158.869929334
2024-09-30,1935.6741946180002,-9.372263827171803e-15,-2.0520582996018896e-14,949.1606854947706,99050.83931450524,1935.6741946180002
2024-10-07,1222.7753130505,-8.883153814790316e-15,-1.9449676031774077e-14,949.1606854947706,99050.83931450524,1222.7753130505
2024-10-14,970.360600572,-8.394043802408831e-15,-1.8378769067529258e-14,949.1606854947706,99050.83931450524,970.360600572
2024-10-21,723.970085707,-7.90493379002735e-15,-1.7307862103284442e-14,949.1606854947706,99050.83931450524,723.970085707
2024-10-28,371.22875280100004,-7.415823777645863e-15,-1.623695513903962e-14,949.1606854947706,99050.83931450524,371.22875280100004
2024-11-04,260.6942089015,-6.92671376526438e-15,-1.5166048174794807e-14,949.1606854947706,99050.83931450524,260.6942089015
2024-11-11,400.25098602850005,-6.437603752882896e-15,-1.4095141210549985e-14,949.1606854947706,99050.83931450524,400.25098602850005
2024-11-18,393.53356722499996,-5.948493740501411e-15,-1.3024234246305167e-14,949.1606854947706,99050.83931450524,393.53356722499996
2024-11-25,399.96021026000005,-5.459383728119927e-15,-1.1953327282060346e-14,949.1606854947706,99050.83931450524,399.96021026000005
2024-12-02,322.85487979050004,-4.970273715738443e-15,-1.0882420317815529e-14,949.1606854947706,99050.83931450524,322.85487979050004
2024-12-09,317.7358372875,-4.481163703356958e-15,-9.811513353570711e-15,949.1606854947706,99050.83931450524,317.7358372875
2024-12-16,298.556634936,-3.992053690975475e-15,-8.740606389325892e-15,949.1606854947706,99050.83931450524,298.556634936
2024-12-23,663.939810577,-3.5029436785939894e-15,-7.669699425081073e-15,949.1606854947706,99050.83931450524,663.939810577
2024-12-30,341.9360010175,-3.0138336662125053e-15,-6.598792460836255e-15,949.1606854947706,99050.83931450524,341.9360010175
2025-01-06,204.9402417415,-2.524723653831021e-15,-5.527885496591436e-15,949.1606854947706,99050.83931450524,204.9402417415
2025-01-13,183.379176713,-2.035613641449537e-15,-4.4569785323466186e-15,949.1606854947706,99050.83931450524,183.379176713
2025-01-20,120.00457145349999,-1.5465036290680525e-15,-3.3860715681018e-15,949.1606854947706,99050.83931450524,120.00457145349999
2025-01-27,98.1047263771,-1.0825808496106886e-15,-2.3703120808369846e-15,949.1606854947706,99050.83931450524,98.1047263771
2025-02-03,62.190851142,-1.0811572988103424e-15,-2.3671952146362207e-15,949.1606854947706,99050.83931450524,62.190851142
2025-02-10,131.92509423639999,-1.0797337480099962e-15,-2.3640783484354564e-15,949.1606854947706,99050.83931450524,131.92509423639999
2025-02-17,64.3277758201,-1.0783101972096496e-15,-2.360961482234692e-15,949.1606854947706,99050.83931450524,64.3277758201
2025-02-24,119.4957667102,-1.0768866464093032e-15,-2.3578446160339277e-15,949.1606854947706,99050.83931450524,119.4957667102
2025-03-03,79.7143858328,-1.0754630956089572e-15,-2.3547277498331637e-15,949.1606854947706,99050.83931450524,79.7143858328
2025-03-10,48.3565633632,-1.0740395448086108e-15,-2.3516108836323994e-15,949.1606854947706,99050.83931450524,48.3565633632
2025-03-17,38.8220076325,-1.0726159940082642e-15,-2.348494017431635e-15,949.1606854947706,99050.83931450524,38.8220076325
2025-03-24,56.114872962949995,-1.071192443207918e-15,-2.345377151230871e-15,949.1606854947706,99050.83931450524,56.114872962949995
2025-03-31,182.65629352285,-1.0697688924075718e-15,-2.3422602850301067e-15,949.1606854947706,99050.83931450524,182.65629352285
2025-04-07,44.794529205,-1.068345341607225e-15,-2.3391434188293424e-15,949.1606854947706,99050.83931450524,44.794529205
2025-04-14,117.46858279105,-1.0669217908068787e-15,-2.3360265526285785e-15,949.1606854947706,99050.83931450524,117.46858279105
2025-04-21,40.44639983775,-1.0654982400065325e-15,-2.3329096864278145e-15,949.1606854947706,99050.83931450524,40.44639983775
2025-04-28,35.5655509245,-1.0640746892061861e-15,-2.3297928202270498e-15,949.1606854947706,99050.83931450524,35.5655509245
2025-05-05,16.499410588950003,-1.0626511384058397e-15,-2.326675954026286e-15,949.1606854947706,99050.83931450524,16.499410588950003
2025-05-12,29.1896885095,-1.0612275876054935e-15,-2.323559087825522e-15,949.1606854947706,99050.83931450524,29.1896885095
2025-05-19,53.056050367800005,-1.0598040368051471e-15,-2.320442221624757e-15,949.1606854947706,99050.83931450524,53.056050367800005
2025-05-26,49.2240489875,-1.0583804860048005e-15,-2.317325355423993e-15,949.1606854947706,99050.83931450524,49.2240489875
2025-06-02,36.5690354682,-1.0569569352044543e-15,-2.3142084892232292e-15,949.1606854947706,99050.83931450524,36.5690354682
2025-06-09,27.176130119050004,-1.0555333844041079e-15,-2.311091623022465e-15,949.1606854947706,99050.83931450524,27.176130119050004
2025-06-16,42.52429627,-1.0541098336037617e-15,-2.3079747568217006e-15,949.1606854947706,99050.83931450524,42.52429627
2025-06-23,94.12959544729999,-1.052686282803415e-15,-2.3048578906209362e-15,949.1606854947706,99050.83931450524,94.12959544729999
2025-06-30,79.33691835344999,-1.0512627320030689e-15,-2.3017410244201723e-15,949.1606854947706,99050.83931450524,79.33691835344999
2025-07-07,131.65911434045,-1.0498391812027224e-15,-2.298624158219408e-15,949.1606854947706,99050.83931450524,131.65911434045
2025-07-14,50.14969279025,-1.0484156304023762e-15,-2.295507292018644e-15,949.1606854947706,99050.83931450524,50.14969279025
2025-07-21,58.8789335405,-1.0469920796020296e-15,-2.2923904258178796e-15,949.1606854947706,99050.83931450524,58.8789335405
2025-07-28,21.7299939242,-1.0455685288016832e-15,-2.2892735596171153e-15,949.1606854947706,99050.83931450524,21.7299939242
2025-08-04,217.41784400275,-1.044144978001337e-15,-2.286156693416351e-15,949.1606854947706,99050.83931450524,217.41784400275
2025-08-11,150.38302905605002,-1.0427214272009906e-15,-2.2830398272155874e-15,949.1606854947706,99050.83931450524,150.38302905605002
2025-08-18,203.853681128,-1.0412978764006444e-15,-2.2799229610148234e-15,949.1606854947706,99050.83931450524,203.853681128
2025-08-25,253.64899777,-1.039874325600298e-15,-2.2768060948140583e-15,949.1606854947706,99050.83931450524,253.64899777
2025-09-01,545.4546532045,-1.0384507747999518e-15,-2.2736892286132944e-15,949.1606854947706,99050.83931450524,545.4546532045
2025-09-08,1197.25154535,-1.0370272239996054e-15,-2.2705723624125304e-15,949.1606854947706,99050.83931450524,1197.25154535
2025-09-15,1061.2252578505,-1.0356036731992588e-15,-2.267455496211766e-15,949.1606854947706,99050.83931450524,1061.2252578505
2025-09-22,949.1698759465,-1.0341801223989126e-15,-2.264338630011002e-15,949.1606854947706,99050.83931450524,949.1698759465
2025-09-29,968.724618261,-1.0327565715985661e-15,-2.2612217638102378e-15,949.1606854947706,99050.83931450524,968.724618261
2025-10-06,1000.6075494885001,-1.0313330207982195e-15,-2.2581048976094734e-15,949.1606854947706,99050.83931450524,1000.6075494885001
2025-10-13,666.871285602,-1.0299094699978733e-15,-2.2549880314087095e-15,949.1606854947706,99050.83931450524,666.871285602
2025-10-20,678.798801617,-1.0284859191975271e-15,-2.251871165207945e-15,949.1606854947706,99050.83931450524,678.798801617
2025-10-27,415.1655440285,-1.0270623683971807e-15,-2.2487542990071812e-15,949.1606854947706,99050.83931450524,415.1655440285
2025-11-03,144.2744489671,-1.0256388175968343e-15,-2.245637432806417e-15,949.1606854947706,99050.83931450524,144.2744489671
2025-11-10,471.744494467,-1.0242152667964879e-15,-2.2425205666056525e-15,949.1606854947706,99050.83931450524,471.744494467
2025-11-17,187.452395171,-1.0227917159961417e-15,-2.2394037004048886e-15,949.1606854947706,99050.83931450524,187.452395171
2025-11-24,243.306602458,-1.021368165195795e-15,-2.2362868342041242e-15,949.1606854947706,99050.83931450524,243.306602458
2025-12-01,503.96347372649996,-1.0199446143954487e-15,-2.23316996800336e-15,949.1606854947706,99050.83931450524,503.96347372649996
2025-12-08,379.9052326645,-1.0185210635951025e-15,-2.230053101802596e-15,949.1606854947706,99050.83931450524,379.9052326645
2025-12-15,411.5177921285,-1.017097512794756e-15,-2.2269362356018316e-15,949.1606854947706,99050.83931450524,411.5177921285
2025-12-22,624.647279131,-1.0156739619944097e-15,-2.2238193694010672e-15,949.1606854947706,99050.83931450524,624.647279131
2025-12-29,525.468305816,-1.0142504111940634e-15,-2.2207025032003033e-15,949.1606854947706,99050.83931450524,525.468305816
